{"BNS_EW_3600to3480": {"description": "Config file for BNS EW 3600 to 3480s ETCE_BNSEW", "a": 0.00014581168853651538, "b": 0.0004152126104784154, "c": 7.843100804749466e-05, "d": 0.0005638824274517646}, "BNS_EW_3480to3360": {"description": "Config file for BNS EW 3480 to 3360s ETCE_BNSEW", "a": 0.00015163173850714484, "b": 0.00019167638160935336, "c": 9.734293320685353e-05, "d": 0.0001280173071538557}, "BNS_EW_3360to3240": {"description": "Config file for BNS EW 3360 to 3240s ETCE_BNSEW", "a": 0.0001384262557942914, "b": 0.0002813469965416121, "c": 6.697196321576784e-05, "d": 0.0005752227051795398}, "BNS_EW_3240to3120": {"description": "Config file for BNS EW 3240 to 3120s ETCE_BNSEW", "a": 0.00012317395209296696, "b": 0.0004423346065850108, "c": 8.323898704745212e-05, "d": 0.000254547079148805}, "BNS_EW_3120to3000": {"description": "Config file for BNS EW 3120 to 3000s ETCE_BNSEW", "a": 0.00011388513127004823, "b": 0.00045423051528419397, "c": 6.155570678594253e-05, "d": 0.0005140182762018925}, "BNS_EW_3000to2880": {"description": "Config file for BNS EW 3000 to 2880s ETCE_BNSEW", "a": 0.00011288015181882496, "b": 0.00038889780714790616, "c": 6.974067380080628e-05, "d": 0.0003293220446079739}, "BNS_EW_2880to2760": {"description": "Config file for BNS EW 2880 to 2760s ETCE_BNSEW", "a": 0.00010773770222467499, "b": 0.00037744081360263735, "c": 6.80408888391185e-05, "d": 0.00025818755823041095}, "BNS_EW_2760to2640": {"description": "Config file for BNS EW 2760 to 2640s ETCE_BNSEW", "a": 0.00010007516829206092, "b": 0.0004124512290095844, "c": 5.774451596835471e-05, "d": 0.00040681431390969487}, "BNS_EW_2640to2520": {"description": "Config file for BNS EW 2640 to 2520s ETCE_BNSEW", "a": 0.00010410158288071831, "b": 0.0002409400303960062, "c": 5.996944759432336e-05, "d": 0.00023977641070426308}, "BNS_EW_2520to2400": {"description": "Config file for BNS EW 2520 to 2400s ETCE_BNSEW", "a": 9.910859750305226e-05, "b": 0.0002597745475260704, "c": 3.556876128345041e-05, "d": 0.0005937597167401567}, "BNS_EW_2400to2280": {"description": "Config file for BNS EW 2400 to 2280s ETCE_BNSEW", "a": 9.004948479340143e-05, "b": 0.00032199101411284527, "c": 4.241395316634901e-05, "d": 0.00044782182641164256}, "BNS_EW_2280to2160": {"description": "Config file for BNS EW 2280 to 2160s ETCE_BNSEW", "a": 9.246731962995582e-05, "b": 0.0001773687727121234, "c": 5.271165884096218e-05, "d": 0.00023767688498803254}, "BNS_EW_2160to2040": {"description": "Config file for BNS EW 2160 to 2040s ETCE_BNSEW", "a": 9.188690115230078e-05, "b": 0.0001325105873574551, "c": 5.734511348490975e-05, "d": 0.00012200687370724637}, "BNS_EW_2040to1920": {"description": "Config file for BNS EW 2040 to 1920s ETCE_BNSEW", "a": 8.071884763560329e-05, "b": 0.0002471235291417799, "c": 5.843084913226728e-05, "d": 4.831507201084183e-05}, "BNS_EW_1920to1800": {"description": "Config file for BNS EW 1920 to 1800s ETCE_BNSEW", "a": 7.942916702849874e-05, "b": 0.00018113313305920774, "c": 5.7919241263775396e-05, "d": 2.1290552663104718e-05}, "BNS_EW_1800to1680": {"description": "Config file for BNS EW 1800 to 1680s ETCE_BNSEW", "a": 7.436035457221383e-05, "b": 0.0001890720011063379, "c": 4.491816607272832e-05, "d": 0.0001769255665535134}, "BNS_EW_1680to1560": {"description": "Config file for BNS EW 1680 to 1560s ETCE_BNSEW", "a": 6.958070293905819e-05, "b": 0.00018784980040851504, "c": 5.20567907794391e-05, "d": 3.373913489348171e-05}, "BNS_EW_1560to1440": {"description": "Config file for BNS EW 1560 to 1440s ETCE_BNSEW", "a": 6.719760706697747e-05, "b": 0.00016929592255896867, "c": 4.547245357331799e-05, "d": 6.264877182658568e-05}, "BNS_EW_1440to1320": {"description": "Config file for BNS EW 1440 to 1320s ETCE_BNSEW", "a": 6.918774653810214e-05, "b": 7.09663821594815e-05, "c": 4.3838639350024e-05, "d": 4.267510546531289e-05}, "BNS_EW_1320to1200": {"description": "Config file for BNS EW 1320 to 1200s ETCE_BNSEW", "a": 5.8310018752545526e-05, "b": 0.00016599297854070426, "c": 4.027426722619166e-05, "d": 4.116209774322746e-05}, "BNS_EW_1200to1080": {"description": "Config file for BNS EW 1200 to 1080s ETCE_BNSEW", "a": 5.5877213407035465e-05, "b": 0.00013233761196750006, "c": 3.206883621706801e-05, "d": 0.000127930584746361}, "BNS_EW_1080to960": {"description": "Config file for BNS EW 1080 to 960s ETCE_BNSEW", "a": 5.3373633304067003e-05, "b": 9.177231341702098e-05, "c": 3.111040875322075e-05, "d": 9.298419744384094e-05}, "BNS_EW_960to840": {"description": "Config file for BNS EW 960 to 840s ETCE_BNSEW", "a": 4.5768647133078853e-05, "b": 4.027735160611258e-05, "c": 2.8312024942609782e-05, "d": 0.00012994560493720291}, "BNS_EW_840to720": {"description": "Config file for BNS EW 840 to 720s ETCE_BNSEW", "a": 4.546724422078991e-05, "b": 3.101361221145439e-05, "c": 2.574865454636848e-05, "d": 5.065446861064423e-05}, "BNS_EW_720to600": {"description": "Config file for BNS EW 720 to 600s ETCE_BNSEW", "a": 3.7457659958318155e-05, "b": 4.3666242365004515e-05, "c": 2.2971045494459448e-05, "d": 4.7301794156364944e-05}, "BNS_EW_600to480": {"description": "Config file for BNS EW 600 to 480s ETCE_BNSEW", "a": 2.9808107678931743e-05, "b": 5.163040055510016e-05, "c": 1.9155227602690254e-05, "d": 3.613252201936982e-05}, "BNS_EW_480to360": {"description": "Config file for BNS EW 480 to 360s ETCE_BNSEW", "a": 2.3000591891241738e-05, "b": 4.820588560993217e-05, "c": 1.5133587668460116e-05, "d": 2.23691327534478e-05}, "BNS_EW_360to240": {"description": "Config file for BNS EW 360 to 240s ETCE_BNSEW", "a": 1.5360983228740886e-05, "b": 5.896520777545515e-05, "c": 8.538773848105252e-06, "d": 6.699006527190337e-05}, "BNS_EW_240to120": {"description": "Config file for BNS EW 240 to 120s ETCE_BNSEW", "a": 1.0199020260522421e-05, "b": 4.992485951057437e-05, "c": 5.752928318175963e-06, "d": 5.294092346508215e-05}, "BNS_EW_120to0": {"description": "Config file for BNS EW 120 to 0s ETCE_BNSEW", "a": 4.7142527907172615e-06, "b": 3.326806313498805e-05, "c": 3.70518923002877e-06, "d": 1.5871879669616244e-05}}