{"BNS": {"description": "Config file for BNS LHV_O4ExpectedPSD", "a": 0.00018755174973302303, "b": 0.00012245021617822993, "c": 0.00012791369312622979, "d": 0.00010878799753307725}, "BBH": {"description": "Config file for BBH LHV_O4ExpectedPSD", "a": 9.524727886688647e-06, "b": 9.391103727331282e-05, "c": 7.5834407168360715e-06, "d": 6.627992756266056e-05}, "NSBH": {"description": "Config file for NSBH LHV_O4ExpectedPSD", "a": 9.120853120484069e-05, "b": -5.180639037152758e-06, "c": 6.736334150105932e-05, "d": -4.804302720972587e-05}}