{"BNS": {"description": "Config file for BNS LHV_O4ExpectedPSD", "a": 0.00019478086385277203, "b": 4.302468550680787e-05, "c": 0.00014301978266474568, "d": -3.9413402755967835e-05}, "BBH": {"description": "Config file for BBH LHV_O4ExpectedPSD", "a": 9.988594296573226e-06, "b": 8.879213282056341e-05, "c": 6.966788311033297e-06, "d": 7.777145007072679e-05}, "NSBH": {"description": "Config file for NSBH LHV_O4ExpectedPSD", "a": 9.446040135819483e-05, "b": -4.5381189195266975e-05, "c": 5.9273639007736224e-05, "d": 6.133860465844946e-05}}