{"BNS": {"description": "Config file for BNS LH_O4ExpectedPSDFixMtot", "a": 0.00014882380568895717, "b": 0.0006887829179195939, "c": 7.733258816792385e-05, "d": 0.0008080651104966513}, "BBH": {"description": "Config file for BBH LH_O4ExpectedPSDFixMtot", "a": 7.797067115008058e-06, "b": 3.2224910163147305e-05, "c": 4.300422850932883e-06, "d": 3.708791398135423e-05}, "NSBH": {"description": "Config file for NSBH LH_O4ExpectedPSDFixMtot", "a": 6.223671044427512e-05, "b": 0.0003983409922491989, "c": 2.809609289188107e-05, "d": 0.000524493155522118}}