{"BNS": {"description": "Config file for BNS LHV_O3PSD", "a": 0.00030869730171682083, "b": 7.094878653073716e-05, "c": 0.00025132637768225365, "d": -0.0004908271518843369}, "BBH": {"description": "Config file for BBH LHV_O3PSD", "a": 1.410791286351261e-05, "b": 0.00016617046634360974, "c": 1.177729517444834e-05, "d": 0.00011555164948598744}, "NSBH": {"description": "Config file for NSBH LHV_O3PSD", "a": 0.00012892266772272776, "b": 0.00023376441690125404, "c": 0.00010366673036085202, "d": -2.7720862169925838e-05}}