{"BNS": {"description": "Config file for BNS LHV_O4ExpectedPSDFixMtot", "a": 0.00015548307019683062, "b": 0.0004995267807893331, "c": 8.6263497608448e-05, "d": 0.0005689801417178307}, "BBH": {"description": "Config file for BBH LHV_O4ExpectedPSDFixMtot", "a": 1.27420794271457e-05, "b": 0.00011420537157850013, "c": 6.1347166370488315e-06, "d": 0.0001575965320325349}, "NSBH": {"description": "Config file for NSBH LHV_O4ExpectedPSDFixMtot", "a": 6.699079875151962e-05, "b": 0.0002310599396128033, "c": 3.5182170636991336e-05, "d": 0.00030177442386266593}}