{"BNS_EW_3600to3480": {"description": "Config file for BNS EW 3600 to 3480s ET2CE_BNSEW", "a": 0.0001460905295663517, "b": 0.000415372005007336, "c": 9.774733122198e-05, "d": 0.0001983231089276984}, "BNS_EW_3480to3360": {"description": "Config file for BNS EW 3480 to 3360s ET2CE_BNSEW", "a": 0.00014223296620999678, "b": 0.0003057761261923603, "c": 6.77138627123429e-05, "d": 0.000629400186811691}, "BNS_EW_3360to3240": {"description": "Config file for BNS EW 3360 to 3240s ET2CE_BNSEW", "a": 0.00012550517345969275, "b": 0.000490609119028641, "c": 0.00010590839144629441, "d": -0.0001054685519334883}, "BNS_EW_3240to3120": {"description": "Config file for BNS EW 3240 to 3120s ET2CE_BNSEW", "a": 0.00012451414329332176, "b": 0.00041951460747149515, "c": 8.435455247963638e-05, "d": 0.00020998083259753057}, "BNS_EW_3120to3000": {"description": "Config file for BNS EW 3120 to 3000s ET2CE_BNSEW", "a": 0.00012285073068350568, "b": 0.00032036463073915536, "c": 7.250512018100131e-05, "d": 0.00034481379103247576}, "BNS_EW_3000to2880": {"description": "Config file for BNS EW 3000 to 2880s ET2CE_BNSEW", "a": 0.00011435194355773695, "b": 0.0003293269314822341, "c": 5.848307817892622e-05, "d": 0.00048421698362563893}, "BNS_EW_2880to2760": {"description": "Config file for BNS EW 2880 to 2760s ET2CE_BNSEW", "a": 0.0001104155018507012, "b": 0.0002823094614616657, "c": 7.745315066936967e-05, "d": 8.656344212980381e-05}, "BNS_EW_2760to2640": {"description": "Config file for BNS EW 2760 to 2640s ET2CE_BNSEW", "a": 0.00010901676646052462, "b": 0.00022896681778455727, "c": 7.410030977840406e-05, "d": 9.307893387615405e-05}, "BNS_EW_2640to2520": {"description": "Config file for BNS EW 2640 to 2520s ET2CE_BNSEW", "a": 0.00010347188342925342, "b": 0.0002353628454239767, "c": 5.4555987205877784e-05, "d": 0.00030284262864541594}, "BNS_EW_2520to2400": {"description": "Config file for BNS EW 2520 to 2400s ET2CE_BNSEW", "a": 0.00011680143462630478, "b": -0.00026819513722117766, "c": 5.739645748548871e-05, "d": 0.0003593412461352421}, "BNS_EW_2400to2280": {"description": "Config file for BNS EW 2400 to 2280s ET2CE_BNSEW", "a": 8.509881419981434e-05, "b": 0.0003363773366653514, "c": 5.743779307075719e-05, "d": 0.00014520810772480065}, "BNS_EW_2280to2160": {"description": "Config file for BNS EW 2280 to 2160s ET2CE_BNSEW", "a": 8.702318569518783e-05, "b": 0.00022227980472644282, "c": 5.1823716856457585e-05, "d": 0.0002044058600504592}, "BNS_EW_2160to2040": {"description": "Config file for BNS EW 2160 to 2040s ET2CE_BNSEW", "a": 8.659190297253268e-05, "b": 0.00015847059344393068, "c": 4.9100349834047155e-05, "d": 0.00016662885218669967}, "BNS_EW_2040to1920": {"description": "Config file for BNS EW 2040 to 1920s ET2CE_BNSEW", "a": 8.490449428539232e-05, "b": 9.35645720168851e-05, "c": 4.1020343057074214e-05, "d": 0.00023732102926258988}, "BNS_EW_1920to1800": {"description": "Config file for BNS EW 1920 to 1800s ET2CE_BNSEW", "a": 8.114208061932658e-05, "b": 6.738931302328232e-05, "c": 3.842975010896149e-05, "d": 0.00023540479555395882}, "BNS_EW_1800to1680": {"description": "Config file for BNS EW 1800 to 1680s ET2CE_BNSEW", "a": 7.626725983712635e-05, "b": 6.933222026026544e-05, "c": 4.237768064227969e-05, "d": 0.00010442884459896046}, "BNS_EW_1680to1560": {"description": "Config file for BNS EW 1680 to 1560s ET2CE_BNSEW", "a": 6.951347813643859e-05, "b": 0.00010091263766710644, "c": 4.5209828074377155e-05, "d": 2.2677632484607758e-05}, "BNS_EW_1560to1440": {"description": "Config file for BNS EW 1560 to 1440s ET2CE_BNSEW", "a": 6.952176951003436e-05, "b": 1.1592621514401693e-05, "c": 3.5323511084572924e-05, "d": 0.00013945936189883605}, "BNS_EW_1440to1320": {"description": "Config file for BNS EW 1440 to 1320s ET2CE_BNSEW", "a": 6.335898441689795e-05, "b": 3.478731476023631e-05, "c": 2.6784262932907753e-05, "d": 0.0002099431835499413}, "BNS_EW_1320to1200": {"description": "Config file for BNS EW 1320 to 1200s ET2CE_BNSEW", "a": 5.453926611988925e-05, "b": 8.24748983415441e-05, "c": 3.583530849040122e-05, "d": 6.970787329748267e-06}, "BNS_EW_1200to1080": {"description": "Config file for BNS EW 1200 to 1080s ET2CE_BNSEW", "a": 5.161500423865871e-05, "b": 5.141490863430186e-05, "c": 2.5082755997381946e-05, "d": 0.00014468455324793286}, "BNS_EW_1080to960": {"description": "Config file for BNS EW 1080 to 960s ET2CE_BNSEW", "a": 4.474161529429504e-05, "b": 7.013085227082338e-05, "c": 2.9149589894818873e-05, "d": 1.1500622149234237e-05}, "BNS_EW_960to840": {"description": "Config file for BNS EW 960 to 840s ET2CE_BNSEW", "a": 3.920504769340829e-05, "b": 5.9993981375987276e-05, "c": 2.0522978141203858e-05, "d": 0.00010320017411233729}, "BNS_EW_840to720": {"description": "Config file for BNS EW 840 to 720s ET2CE_BNSEW", "a": 3.377452854112166e-05, "b": 5.8048434840226554e-05, "c": 1.9292618684790086e-05, "d": 6.460680775017324e-05}, "BNS_EW_720to600": {"description": "Config file for BNS EW 720 to 600s ET2CE_BNSEW", "a": 2.7762742066211596e-05, "b": 4.9908821867017954e-05, "c": 1.4453898370833264e-05, "d": 8.851987480191808e-05}, "BNS_EW_600to480": {"description": "Config file for BNS EW 600 to 480s ET2CE_BNSEW", "a": 2.192899412666289e-05, "b": 4.648971282653416e-05, "c": 1.041135046711612e-05, "d": 9.040257679284675e-05}, "BNS_EW_480to360": {"description": "Config file for BNS EW 480 to 360s ET2CE_BNSEW", "a": 1.5836959646303583e-05, "b": 5.092646686261221e-05, "c": 9.335669183273059e-06, "d": 5.357589862137174e-05}, "BNS_EW_360to240": {"description": "Config file for BNS EW 360 to 240s ET2CE_BNSEW", "a": 4.4518537283095486e-06, "b": 0.00015425341341483102, "c": 1.3351130845383124e-05, "d": -6.609097979900446e-05}, "BNS_EW_240to120": {"description": "Config file for BNS EW 240 to 120s ET2CE_BNSEW", "a": 7.4497014991756565e-06, "b": 3.545379665231783e-05, "c": 4.067157014641737e-06, "d": 4.058111378256402e-05}, "BNS_EW_120to0": {"description": "Config file for BNS EW 120 to 0s ET2CE_BNSEW", "a": 3.820263005275366e-06, "b": 1.896527486071493e-05, "c": 2.375592045947307e-06, "d": 1.728197451908042e-05}}